track_id,track_name,track_number,track_popularity,explicit,artist_name,artist_popularity,artist_followers,artist_genres,album_id,album_name,album_release_date,album_total_tracks,album_type,track_duration_min;
2Zq3Trov36G0TtrUt4ZklL,superstar,2,59,True,Artemas,74,1378935,,75FM00r9Lgdi0YHv7vvzzB,LOVERCORE,2025-10-24,14,album,2.82
31lp34zEvY603Xjkz2hrOo,limerence,2,13,False,Sopperior,30,2896,,4nqRc4Bxdhrr49RmHWkFus,orphic,2025-10-21,5,single,1.48
27sGm7McOlhSQ1szOJlpt8,MEGAFAUNA,1,24,True,Stanza,10,218,,17Jly2HpndZXgnbRZediYa,MEGAFAUNA,2025-10-14,1,single,2.87
0fOblXmOu0vHm0fa2RezCC,Alarm,1,18,False,Millo,5,429,,77C5CilG76Vovcb3mtKi09,Alarm,2025-10-10,1,single,3.02
3Du1WPZLhETDT6Jr4eumkU,ANYMORE,1,18,True,ASH7ON,7,308,,7l4BqichAiJVxsXmUcI2zh,ANYMORE,2025-10-10,1,single,2.91
7sgx2p6KPYPia5fowJNZzO,TBB,1,31,True,Sabir,18,435,,3cE0fQECVV51zi5yyXiTNE,TBB,2025-10-06,1,single,2.41
4O31bgaZWxZkF3uHrdyavg,Energy,1,40,False,Tolou,28,4401,,3RqIFGcrmoqWMV7t9S4lh2,Energy,2025-10-03,1,single,3.04
4hFt3Ht6b9OLsesqx51aq1,superstar,1,68,True,Artemas,74,1377042,,2r7vK3RnYfofnAkMruYhSI,superstar,2025-10-01,3,single,2.82
6DYul32gElizGgTrtRYrNY,gigolo,1,77,True,bbno$,78,2730121,,58Xf2l1m7iWhfwoRjx75C0,gigolo,2025-09-30,1,single,1.97
1rq8oj4pctDQiYTjmzl852,Alive,1,36,False,Lafferty,18,181,,5Ypa8QXUAcoNLON7Vvdft5,Alive,2025-09-25,1,single,2.81
1kO8TSZU0ORR4eJpirLPGW,DEPRESSED,1,69,True,Anne-Marie,75,12848260,,4wdp5hBwGx9AgqUoiCCDUV,DEPRESSED,2025-09-19,1,single,2.3
53OW7YksYVzJIWjQGYc4xI,Shangri-La,1,39,False,Egzod,62,225797,,2lSaIwhi64HvrBBxX9JsMV,Shangri-La,2025-09-18,1,single,3.31
6PdKA57lUIzOyptHfdZMva,Funeral,1,41,False,JeLa,44,1499,,5pSb2Kr9jVQyLp9H7P0obn,Funeral,2025-09-12,1,single,2.8
7lOVZltduRLXe6WTpdzDd4,Bloom,1,38,False,Shelita,23,462,,4h78HFCwljzgNCVjXQWy1i,Bloom,2025-08-22,1,single,3.41
3Vd5LhtK4BdKF1xv2m9Jvn,Fade,1,27,False,Shelita,23,462,,4dKcC3zpc2Jlo845dIijW2,Fade,2025-08-15,1,single,3.75
2tcz7HF2mUWvefPMq1RDF4,PRAY,1,45,False,Mandrazo,48,10272,,0PnBzz0Kl63sKtyKF12DSE,PRAY,2025-08-08,3,single,3.14
75kTndbdVt63ZZYo8mquvv,Clarity,1,53,False,Hanno,45,2752,,6wjN4wat4XT0BLQcN0br2z,Clarity,2025-08-07,1,single,2.97
5H1sKFMzDeMtXwND3V6hRY,JUMP,1,90,False,BLACKPINK,81,56152334,k-pop,3hzoZlx2KwtvJEUl9piPWr,JUMP,2025-07-11,1,single,2.74
6ghDayhHeBXAP4OOnnrFW9,David,11,78,False,Lorde,80,10541250,,28bHj2enHkHVFLwuWmkwlQ,Virgin,2025-06-27,11,album,3.41
7H7SIkUTvK6LTuadr2qmzl,Casual,1,34,True,Valentin,40,2157,,586RQCxat4GbnCU9EGBLSa,Casual,2025-06-27,1,single,3.76
1xOqGUkyxGQRdCvGpvWKmL,Gabriela,1,92,False,KATSEYE,82,5242034,k-pop,6rpin9IVOuBEWBYnrA9hft,Gabriela,2025-06-20,2,single,3.28
57Z6TJCTMACXxdrcwZ3Zvf,Phantom,8,82,True,EsDeeKid,74,253650,,1TP95xOGiWqdVOu4hGbuug,Rebel,2025-06-20,11,album,1.82
0bxPRWprUVpQK0UFcddkrA,Folded,1,88,False,Kehlani,78,8661889,,5enIvPn8EEPWMGxzBzxvcm,Folded,2025-06-11,1,single,3.96
71C6LlvFqLuytyi8p9XNMn,BF,1,42,False,YULEE,24,679,,6e34ShPH3xiSfqeCP2qUGO,BF,2025-06-11,1,single,2.75
0D6Imylw9Q5HZ48lj3tIw9,Centerfold,1,40,True,G-Epic,22,64,,205e8TWaT1CmbqYNm9OvYp,Centerfold,2025-06-11,1,single,3.07
7DQotDUGnJkXgNJv363GXF,Zombie,1,69,False,YUNGBLUD,73,3204129,,2VjTqSwV1IY3a4kFdurCVv,Zombie,2025-05-30,3,single,4.11
0felKIf6OMxAzHIvyhwUvB,Miracle,1,27,False,Millows,41,2489,hypertechno,2FKcl18dz97JzzXyktVynO,Miracle,2025-05-29,1,single,2.2
3aD33slymVwdEcdbKUBnDu,cliché,1,53,False,mgk,78,5642925,,2zCyRKoQozz3iTdTi3o8mi,cliché,2025-05-23,1,single,2.93
1j15Ar0qGDzIR0v3CQv3JL,Gnarly,1,88,True,KATSEYE,82,5242034,k-pop,25oD4E4cwmG7SCQIoF3ez5,Gnarly,2025-04-30,1,single,2.28
3Q5b9lTrxvv6f8jLX4M6VJ,Amen,1,56,False,Shaboozey,75,1448613,,5Rqj746qniBVcnLT4QglB5,Amen,2025-04-24,1,single,3.29
72s177IslLyS9N7EKBTCp0,FREAKY,1,19,True,Daveedtheking,5,58,,5NNsNw2HRa4oxXfuV5LAqH,FREAKY,2025-04-19,1,single,2.58
1o2eTrTQChSdxbMQLBHLod,conversations,1,36,True,Chelan,35,11989,,1WmSgkrYCtEmO8k6rVaNXJ,conversations,2025-04-11,1,single,2.35
4AajxCEwGEsmHmT4H1TwjY,undressed,1,85,False,sombr,85,2789144,,19m6pwPmwNFSPV7wtHtg7D,undressed,2025-03-21,1,single,3.03
2jsTgVpKp7xi5LA3nwDxZL,Breakeven,1,45,False,Valentin,40,2158,,7AI6sCjsjFfeEqso7XI43p,Breakeven,2025-03-20,1,single,4.07
6Vt8jXXIHv8U6GwQWUoYJD,CLASSY,1,42,True,Cloud,31,10130,,30iCsi0MXESqsBDdN17aEB,CLASSY,2025-03-18,1,single,2.76
1iRIdATb1I276VdKK7JVAB,F.T.S.,11,63,True,JENNIE,81,12320084,k-pop,1vWMw6pu3err6qqZzI3RhH,Ruby,2025-03-07,15,album,2.54
104KjF0t9EnlFOoxGLxiSQ,Filter,12,65,True,JENNIE,81,12320084,k-pop,1vWMw6pu3err6qqZzI3RhH,Ruby,2025-03-07,15,album,2.52
0kHZ0qrGL9MohF9R8Uw77Y,Starlight,14,66,True,JENNIE,81,12328041,k-pop,1vWMw6pu3err6qqZzI3RhH,Ruby,2025-03-07,15,album,2.8
5DIZg9QqSdzgHmkZ2k2F1a,twin,15,62,False,JENNIE,81,12320084,k-pop,1vWMw6pu3err6qqZzI3RhH,Ruby,2025-03-07,15,album,3.48
1kUyOJb3fzUo8r0OCz5SQk,Mantra,7,79,True,JENNIE,81,12328041,k-pop,1vWMw6pu3err6qqZzI3RhH,Ruby,2025-03-07,15,album,2.27
2chbuybiy6aDDBC985tJcP,ZEN,9,70,True,JENNIE,81,12337033,k-pop,1vWMw6pu3err6qqZzI3RhH,Ruby,2025-03-07,15,album,3.35
1musbempyJAw5gfSKZHXP9,Anxiety,1,79,True,Doechii,76,3227707,,706mYHElAsR2MfcehZt2PA,Anxiety,2025-03-05,2,single,4.15
2nRYdAZpfHZ4TngoMZiRfr,Fancy,1,40,False,CADMIUM,47,74067,,3F1Rx20aGuLDJnTH2BdlrQ,Fancy,2025-01-24,1,single,2.7
5pOnmZnc4FsF9e04Etv5X3,Strangers,1,47,False,RIELL,52,78478,,0RapZmQPdoPuqODNb03SaX,Strangers,2025-01-17,1,single,2.85
7hGhnUEepGK4DBPMj7bc1Y,different,1,33,False,retz,40,9764,,1exUmzBCDp9VpRHLBwmNVT,different,2024-12-06,2,single,2.98
4wJ5Qq0jBN4ajy7ouZIV1c,APT.,6,83,False,ROSÉ,78,13313690,k-pop,7kFyd5oyJdVX2pIi6P4iHE,rosie,2024-12-06,12,album,2.83
6Nuzq0dw2uEqDBZBFQbuFs,Parachute,1,25,False,Intellios,17,1310,,2Ya8OcgtO0hVwvyCuZT7Ey,Parachute,2024-12-06,1,single,1.99
6TSJjHRZrIKw3pAHbvdJXL,Outside,1,37,False,ILURO,41,8658,,04W2bHYzAWnqOY1gqPy7Vj,Outside,2024-11-29,1,single,2.84
29iBq2XErmuCwpsCXb7la3,Loveline,1,9,False,BYOR,60,38969,,2umhFc7iIdqWRmPGN4aGXC,Loveline,2024-11-15,1,single,2.25
1SzxeLmEx1tr9EcPoCzT9d,Safe,1,48,False,MarchY,37,794,,6GHHtTcj8oD373Sh07AqGJ,Safe,2024-11-14,1,single,2.7
2MBD7dFetiSCm8CopK8v9t,GODS,1,40,False,Ericovich,41,11036,nightcore,3W5cbW5fz2DR8OEURYzLWa,GODS,2024-10-25,1,single,2.01
5vNRhkKd0yEAg8suGBpjeY,APT.,1,88,False,ROSÉ,78,13320396,k-pop,2IYQwwgxgOIn7t3iF6ufFD,APT.,2024-10-18,1,single,2.83
2CspwnypzT7rcWI9RfsoSb,Mantra,1,73,True,JENNIE,81,12337033,k-pop,3e5tDT1kfaAGx10yOjIDgW,Mantra,2024-10-10,1,single,2.27
3X1nyZBKJTRkWafIPrcbJ1,Villain,1,46,False,RIELL,52,78423,,1TAyyzj4O6sXf4VyYj5lHV,Villain,2024-09-27,1,single,2.52
5lj4Sf3g1axG8mIoHeuKxR,Roses,12,23,False,Jesse®,43,301512,,4Kd7ghDh5uUwfUCldPS6eN,Wanted?,2024-09-20,12,album,4.58
7BfQEykWQ3sPmg3lTKEJOE,Sorry,10,28,False,Jesse®,43,301496,,4Kd7ghDh5uUwfUCldPS6eN,Wanted?,2024-09-20,12,album,3.97
2rYllInztQMtHyuVFUyci5,Wanted?,5,39,False,Jesse®,43,301499,,4Kd7ghDh5uUwfUCldPS6eN,Wanted?,2024-09-20,12,album,3.86
2ogRXUQqH0yO4Kq6Qy8oui,Órale,9,26,True,Jesse®,43,301532,,4Kd7ghDh5uUwfUCldPS6eN,Wanted?,2024-09-20,12,album,2.89
21rJwhXiZqOoOREguIIZrV,Ghost,1,24,False,Gulmee,36,992,hypertechno,6Eq4GOU0zctTXC5ikQo8f8,Ghost,2024-09-06,1,single,2.13
3SUlw7sPD01NdIEX2NwUtk,2am,1,40,False,RIELL,52,78423,,30IZYGhMRiTQP4AtepZ7HA,2am,2024-08-09,4,single,2.58
0u6LpMA9z4ZY3PKRXQfrxP,insane,1,29,True,GOVAN,34,1434,,2Cv6ivAxmqIosEY87fZAwn,insane,2024-08-08,1,single,1.94
53BpTC3cYgRfUVxqbNVb8w,Rip,1,51,False,Zummer,47,1186,,1Ztkwr612EUcviWuWnlWcE,Rip,2024-08-08,1,single,2.09
6aJn7Cst74cj4lNIiPRgav,Touch,1,86,False,KATSEYE,83,5285995,k-pop,1hjqg3TuQ2YqooaPhxHwdv,Touch,2024-07-26,1,single,2.16
7tI8dRuH2Yc6RuoTjxo4dU,Who,6,86,False,Jimin,79,10841227,k-pop,15XcLhiVMlSOipUddTNDnr,MUSE,2024-07-19,7,album,2.84
419xETfTSNavdLazzGukKM,Shivers,1,23,False,K3YN0T3,47,1987,hypertechno,5vsujZq3i2najInIZEZwvc,Shivers,2024-07-05,1,single,2.48
3x75aqPUfrKUDPUdTzC65Q,Secrets,1,0,False,Hypermorph,43,5109,hypertechno,6jy0Xahfbm6te4JIdWfp2f,Secrets,2024-07-04,1,single,2.38
22DH8NChecsgPxDjA4pqer,Tough,1,70,False,Quavo,76,8079123,,58XIBpQOAw7E2qCL1jxWCd,Tough,2024-07-03,1,single,3.14
1blLiE48uAhJAebV9dnODK,good2u,1,40,False,GOVAN,34,1434,,5yLG3wASrjcHpmZxwMhxv6,good2u,2024-06-28,1,single,2.33
6vvPecFTmWxDfEJ6cYT1wa,Rockstar,1,74,True,LISA,75,13266900,k-pop,7wIIhHPyaxAHRvdNQQO2G9,Rockstar,2024-06-27,5,single,2.3
4fqdWNsoOpyYKJTz36R3QB,Nonstop,1,37,False,Besomage,50,12471,,3HUHRwnu0vkDe7o35dMUwx,Nonstop,2024-06-13,1,single,2.06
5xR8ngEQmlQ1U2xSE0KzTo,BMXXing,1,50,True,mgk,78,5642365,,5cH3Lzm6kYM7sxkpDprzkd,BMXXing,2024-06-07,1,single,2.59
3gdnWtiFFdsjIPYkr2X31v,Strangers,1,39,False,CADDY,38,958,,154WjYdf0GgUUgCBY2nC00,Strangers,2024-05-03,3,single,2.87
636XiaUCYflWzSgLrpC2A5,Feather,1,40,True,CADDY,38,966,,0iSp9yL73DZzqbRNVkngBL,Feather,2024-04-12,2,single,3.01
5LOTtadWBsGDLMQMC0tl2z,Life,1,64,False,ConKi,61,26106,,0oYAj0vHOnfEoigrvjlxa9,Life,2024-04-08,1,single,2.16
3tAzBlgsnYvFPVmiGvWRcZ,Winter,3,37,False,RIELL,52,78423,,3e7BUPeIT7n2CSKbTJ2cks,Winter,2024-04-05,7,album,3.06
0ve0CavjqrUqVmZ605RhTV,Jump,1,63,False,Tyla,77,3505794,afrobeats,4xbpCWaXMdAaDvEKAi02PX,Jump,2024-03-20,1,single,2.45
33mt9ZU8N1EwPa1VIqfxnV,Fetish,1,27,False,Emilio,41,2292,hypertechno,32Kt0YhjSGBK8gGGkKjgyu,Fetish,2024-03-08,1,single,2.84
42TE25QlSmpwnxdhTspUbn,Symphony,1,23,False,ILURO,41,8658,,3nPlHbYyFUgki1BxMflLOp,Symphony,2024-02-23,1,single,2.2
56FJytSOFacrwLOYdvg7V7,Sorry,1,0,False,Sandëro,44,5733,,4mUJPXHMEhJWkAY1c24LBq,Sorry,2024-02-23,1,single,2.67
1bjeWoagtHmUKputLVyDxQ,Saturn,1,77,False,SZA,87,33043825,r&b,1fmBMCSSkSlvxyoy1vut2k,Saturn,2024-02-22,5,single,3.1
0vk4PPSvobFbKhnAPro0ju,Carsick,1,36,True,K.Flay,61,644963,,3TynRnLMuOcoFJf88r5qio,Carsick,2024-01-11,1,single,2.74
05EatbIhTjuB6QjSTputWB,Animals,1,25,False,Johnning,51,43179,,54rFZngSvJhdJ5lGo4mSdE,Animals,2023-12-15,1,single,3.03
4Q2IUQo8YuoCqiRrDazKK4,Water,1,65,False,Tyla,77,3509163,afrobeats,2GyIYK9C2K870xKjo5HI9D,Water,2023-11-15,1,single,3.19
1hWsTtpwrPGLqI8cDX3sWr,Stay,1,46,False,MarchY,37,794,,0LPSySmrxlYS3sViv9Ljed,Stay,2023-10-26,1,single,2.67
3VDscoFlf37ByuqWBPt0j6,DIZZYNUMB,1,24,False,NEVE,25,19649,,7e9KQMkQtaMUMwMCX5U4Xv,DIZZYNUMB,2023-10-20,1,single,2.6
59NraMJsLaMCVtwXTSia8i,Prada,1,80,True,cassö,64,91131,hypertechno,5MU0RmBSpoSxOPYBfcobDc,Prada,2023-08-11,1,single,2.2
5aIVCx5tnk0ntmdiinnYvw,Water,1,82,False,Tyla,77,3505794,afrobeats,22sXXkKgjEuawIFL1e1tRw,Water,2023-07-28,1,single,3.33
6XbtvPmIpyCbjuT0e8cQtp,Columbia,1,23,False,Quevedo,82,6416353,,07kam1Dks7GIucbSelfvyX,Columbia,2023-07-07,1,single,3.1
1WZbJ0oi3g5YLBNY44PZnk,Faded,1,21,False,Fransii,21,488,nightcore,1XVPXHVy3m0WKfwihW3bV5,Faded,2023-06-23,1,single,2.37
5CKYzhLLkBckGiNjE5DGj9,High,1,26,False,ILURO,42,8656,,4HSpsmFE2ODfPnEEcIhqwy,High,2023-06-09,1,single,2.67
0rMuFOja3DhVSuXQeae25C,Sleep,1,58,False,ConKi,61,26106,,49rPIZxBEwNFxZSdhcjiMr,Sleep,2023-06-01,1,single,2.97
3zoL4UuuYftHC3Y6p9b1pi,Flowers,1,0,False,Besomage,50,12555,,0xBscHpR8cx44lUwRAsftQ,Flowers,2023-05-26,1,single,3.33
2wSqyrYBIUT4GHEq82a7p7,Bubbly,1,49,False,ConKi,61,26114,,34wl04yj9vtN7FSlDMCzv1,Bubbly,2023-05-11,1,single,2.05
0W2Qjv8DW7km6LHtiqNNub,Headache,1,46,False,Asal,59,135959,,64quoSDYu7sZEXuMyXPIqQ,Headache,2023-04-27,1,single,3.06
609E1JCInJncactoMmkDon,BESO,1,75,False,ROSALÍA,77,8585717,latin,50uChhk7AKkzDKytDixjYW,RR,2023-03-24,3,single,3.24
1DmW5Ep6ywYwxc2HMT5BG6,Tattoo,1,80,False,Loreen,65,1194065,europop,0LRTS7FyYLppkDLOZT02Xp,Tattoo,2023-02-25,1,single,3.05
3Ea8cCWHFBWy8XaDRO7fK7,2002,1,45,False,davvn,36,32943,,1zAVgTm4FHv0QYhrgtqHBy,2002,2023-02-03,1,single,3.1
6kajsvd2uhLyAcaz9ai1e4,Euphoria,1,23,False,Ericovich,41,11036,nightcore,3YzcIlOPKOHM1Zh6zjfbQ7,Euphoria,2023-01-27,1,single,2.07
2SiAcexM2p1yX6joESbehd,LLYLM,1,62,False,ROSALÍA,77,8605316,latin,44mKxp7RB6x5O19VWqEXEm,LLYLM,2023-01-27,1,single,2.9
0eJmsdfbAOM1KD0w50EhlD,SUPERMODEL,16,67,False,Måneskin,76,10636129,,2KUaR4K36tSliwAoUA1gcs,RUSH!,2023-01-20,17,album,2.46
7vuqyEt5hBBxSuakZBZLiK,Ghost,1,55,False,ConKi,61,26095,,7v4TdbrbAnwBEsyPCQpYnL,Ghost,2023-01-12,1,single,3.07
3r8RuvgbX9s7ammBn07D3W,Ditto,1,79,False,NewJeans,77,11611877,k-pop,7bnqo1fdJU9nSfXQd3bSMe,Ditto,2022-12-19,1,single,3.09
2wSTnntOPRi7aQneobFtU4,Shirt,19,68,True,SZA,87,33029522,r&b,07w0rG5TETcyihsEIZR3qG,SOS,2022-12-09,23,album,3.03
4iZ4pt7kvcaH6Yo8UoZ4s2,Snooze,8,85,True,SZA,87,33029522,r&b,07w0rG5TETcyihsEIZR3qG,SOS,2022-12-09,23,album,3.36
6RQ5IwG7uADz9LDWliJGjU,Special,16,67,True,SZA,87,33043825,r&b,07w0rG5TETcyihsEIZR3qG,SOS,2022-12-09,23,album,2.64
2VOZniNxFIDl8ydLltrMNb,Escapism.,1,74,True,RAYE,81,2857629,,4parxQfGC25WtlVVAm5S9q,Escapism.,2022-12-07,4,single,4.53
34ZAzO78a5DAVNrYIGWcPm,Shirt,1,62,True,SZA,87,33029522,r&b,6Kqm5aSp69hTaOHTx38hsD,Shirt,2022-10-28,1,single,3.03
0vbp3qthXlRVsLXTbPrkX1,Gladiator,1,62,False,Jann,50,211032,,64PdJips9zx6e7Qev1Np01,Gladiator,2022-10-14,1,single,3.52
4bCPIiB3tV9oPW2NUXVeh2,Enemies,1,25,False,Ericovich,41,11026,nightcore,5d5gdCeJbaJyBijHdsrZbL,Enemies,2022-09-16,1,single,2.19
5UVuNesgreHU8rfS3Rc00q,Altyn,1,0,True,framed,42,84255,,6C6Rv6NFyonYWOv3X0LdGF,Altyn,2022-08-09,1,single,1.69
1w7cgGZR86yWz1pA2puVJD,HEATED,11,66,True,Beyoncé,84,41172203,,6FJxoadUE4JNVwWHghBwnb,RENAISSANCE,2022-07-29,16,album,4.34
1LCm0lFnEsxR2oPqyHLGX9,THIQUE,12,60,True,Beyoncé,84,41180800,,6FJxoadUE4JNVwWHghBwnb,RENAISSANCE,2022-07-29,16,album,4.07
4DByEumlGTZKSzuVEZ35eo,PURE/HONEY,15,64,True,Beyoncé,84,41180800,,6FJxoadUE4JNVwWHghBwnb,RENAISSANCE,2022-07-29,16,album,4.8
0mKGwFMHzTprtS2vpR3b6s,COZY,2,64,True,Beyoncé,84,41172203,,6FJxoadUE4JNVwWHghBwnb,RENAISSANCE,2022-07-29,16,album,3.5
5ildQOEKmJuWGl2vRkFdYc,DESPECHÁ,1,72,True,ROSALÍA,77,8597160,latin,5omNd3Mkij9C3ZeW19rRmv,DESPECHÁ,2022-07-28,1,single,2.61
10xV5l9nhLvFpR8mqzs0bL,Numb,1,70,False,Marshmello,80,34476607,edm,3SBeYxkc3Ce7lanK0f3epk,Numb,2022-06-10,1,single,2.59
4jv496BJYJpMijIavxxTqJ,P.A.I.N.,1,0,True,Vida,30,21839,,4kdVekcWJHpdLrVuftXQIV,P.A.I.N.,2022-03-25,1,single,1.29
5QGhOS4dpiSdcwuqnWzpxE,LOOKATME,1,54,False,Jann,50,211032,,05sLsId1SGFrPDJFf09rrS,Power,2022-03-25,5,single,3.03
70AYiGbc4mWZGEqiipBBDb,CANDY,2,64,False,ROSALÍA,77,8597160,latin,6jbtHi5R0jMXoliU2OS0lo,MOTOMAMI,2022-03-18,16,album,3.22
1U38o4k2hNJ4m26BMZRPEi,Monster,1,22,False,ILURO,42,8656,,1R6rQ0KEPpwh1nipYBJHIt,Monster,2022-02-18,1,single,2.65
58rSMgjsjINUMUzHCyPYts,Ocean,1,54,False,ConKi,61,26095,,2Yc0eyztM2jUtAgmB793eI,Ocean,2022-02-10,1,single,2.58
0BrEYBgoQkDtIPdzV70GOP,Hunger,1,0,False,ConKi,61,26095,,7gPS8inApFkprD1D1lhOep,Hunger,2021-11-25,1,single,2.87
78SCmQ8A7KQSMdkem2SwBP,MAMMAMIA,1,62,True,Måneskin,76,10636129,,7lVXNBav3Z8oA4jGk62Gme,MAMMAMIA,2021-10-08,1,single,3.11
39limMlZ5B25XM1FhNqa02,Flux,1,31,False,Poppy,66,1686734,,2rnbGp9o1lJ0T77RBU1bCC,Flux,2021-09-24,9,album,5.01
45OX2jjEw1l7lOFJfDP9fv,MONEY,2,69,False,LISA,75,13266900,k-pop,4ASxFYWyk2216OloHoaSh8,LALISA,2021-09-10,2,single,2.8
4fouWK6XVHhzl78KzQ1UjL,abcdefu,1,72,True,GAYLE,58,668804,,6tUQPKlpR4x1gjrXTtOImI,abcdefu,2021-08-13,1,single,2.81
2cc8Sw1OnCuA5bV8nqWqpE,You,1,69,True,Regard,63,286728,,6cWawCk4DohREQA42eEOe1,You,2021-04-16,1,single,3.88
0b18g3G5spr4ZCkz7Y6Q0Q,Rasputin,1,78,False,Majestic,61,99150,,6PzYuR9c0CYCPJTnqylPhd,Rasputin,2021-02-26,1,single,3.1
2g1KggY9PKvsoEAOaiz4xx,Daisy,1,67,True,Ashnikko,71,2613864,,438ToDoVaJH5aTIXXrlDyI,DEMIDEVIL,2021-01-15,10,album,2.44
5QDLhrAOJJdNAmCTJ8xMyW,Dynamite,8,79,False,BTS,85,81189603,k-pop,6nYfHQnvkvOTNHnOhDT3sr,BE,2020-11-20,8,album,3.31
1dLXLETYiZohIZWnse4ypG,Better,1,49,False,ZAYN,77,24108798,,7MkNlHw0O8KKr3yJ3RtgVW,Better,2020-09-25,1,single,2.9
5F1ZmucV0uJY14y2dYKePa,Sanctuary,8,1,False,Joji,80,10638942,,6YKk4wlKdACRITGKmGnoIm,Nectar,2020-09-24,18,album,3.0
0v1x6rN6JHRapa03JElljE,Dynamite,1,2,False,BTS,85,81189603,k-pop,3zWmE5c3alhuoPLphxjMVd,Dynamite,2020-08-21,2,single,3.31
5vGLcdRuSbUhD8ScwsGSdA,Whoopty,1,63,True,CJ,58,277520,dembow,5oBYG6dEI2Er6EeLnmonGE,Whoopty,2020-08-20,1,single,2.05
5FdE9hALukJ6ivdFXbCGEj,supermarket,1,0,True,carwash,44,99448,,1I00sBmH4cpFAbEPr33t1S,supermarket,2020-02-13,1,single,2.42
1LnKH18FenrRMcNnEKDgv1,Guetto,1,14,False,MONYQ,4,41,,3HVaVYiqJKZeHyd8ZHRqoq,Guetto,2020-01-06,1,single,6.74
1aXV8GrmQLvgoFtBPERP7E,Jealous,1,77,False,Eyedress,69,2740985,,4keJsdw9XhEvimhIgXmtO1,Jealous,2019-12-06,3,single,2.03
2g0Bmi3kYEntusDP6xlAGZ,striptease,1,0,True,carwash,44,99448,,6NhhRbU9p26mbn5byjZ34h,striptease,2019-11-05,1,single,2.67
6Ozh9Ok6h4Oi1wUSLtBseN,BOP,3,73,True,DaBaby,77,12954295,,1NsTSXjVNE7XmZ8PmyW0wl,KIRK,2019-09-27,13,album,2.66
6V9fHiv84WlVTg7CSnIVY2,Graveyard,1,0,False,Halsey,80,22394475,,66QwiCFDLtRbrZ5Vs9wlL9,Graveyard,2019-09-13,1,single,3.03
1Tu4cW8G9WgGrnqBRiieqh,CODEPENDENCY,1,0,False,Unaloon,31,43976,,67rsufrdoAT9qRmNZy8eRn,CODEPENDENCY,2019-07-21,1,single,3.2
2OUGbfawPpASGZ9PMmOyaN,DNA,10,24,True,K.Flay,60,644838,,1CJDBCPg27ASz4eWE7oeNz,Solutions,2019-07-12,10,album,4.66
2J4T0IOIZjQhLzosKPR2PN,Gimme,2,46,True,BANKS,56,1078897,,0oXzdlZ9duItTwmJLXbAfo,III,2019-07-12,13,album,3.65
51Fjme0JiitpyXKuyQiCDo,Lalala,1,71,True,Y2K,56,331482,,4WlC4FXhonJhNTXCQPGP3r,Lalala,2019-06-28,1,single,2.67
340UVheS8z3ncW9TTUhAbc,Nightmare,1,2,True,Halsey,80,22396044,,4KaiavWFhR7j9tY1f7V6UL,Nightmare,2019-05-17,1,single,3.86
18uOcUO5mNEYHHigeXPgQM,Mine,1,56,False,Slayyyter,60,460982,hyperpop,3SQr5VHmYRkAGGMTCBbbnP,Mine,2019-05-03,1,single,2.65
5ZS3gQ3D51mOjSgwJH6hGN,USAliens,8,14,False,Jesse®,43,301499,,321NRBoH8ZJTvfErFxYYi3,GARAGEB&,2019-04-12,12,album,1.68
0rTV5WefWd1J3OwIheTzxM,Talk,1,63,False,Khalid,82,16943442,,58kvvQvx6OtLqEDhqYSzyM,Talk,2019-02-07,1,single,3.29
6rW6FUhOATT7dBnup6UVHx,blue,1,32,False,Pools,14,1502,,6ydahDQDBR6C2isdOZxf4f,blue,2019-01-21,1,single,2.08
747MaVDuuzwkpKx0rlnOnZ,Rise,2,51,False,Yaima,52,146763,,3qYVQgnzc7tOPVK33EKUvF,Antidote,2018-12-29,11,album,3.91
6zeeWid2sgw4lap2jV61PZ,Better,6,70,False,Khalid,82,16946293,,2Qxc2NJ7yPKVFRWi3llRr2,Suncity,2018-10-18,7,album,3.82
37M3OdQDrqzHSYwgMC7Jgi,Undo,2,0,False,Transviolet,39,219681,,5AtdfF7vloUWeywNW6GaRN,Valley,2018-09-21,7,album,3.86
6jreFSOTUAViWjKyzOC4Kg,REMEDY,1,62,False,Alesso,72,4034129,edm,0LOJHhz9ybWLVMLucHYtCe,REMEDY,2018-08-31,1,single,3.17
7BqHUALzNBTanL6OvsqmC1,Happier,1,81,False,Marshmello,80,34476607,edm,2u4Yp2ADTKYPwFSBFL4ffa,Happier,2018-08-17,1,single,3.57
2yg9UN4eo5eMVJ7OB4RWj3,Survival,1,58,True,Drake,95,103039388,rap,1ATL5GLyefJaxhQzSPVrLX,Scorpion,2018-06-29,25,album,2.26
3szf2z1Cy1QMrtHrbn8rz9,Elevate,3,59,True,Drake,95,103039388,rap,1ATL5GLyefJaxhQzSPVrLX,Scorpion,2018-06-29,25,album,3.08
5Psnhdkyanjpgc2P8A5TSM,Emotionless,4,66,True,Drake,95,103039388,rap,1ATL5GLyefJaxhQzSPVrLX,Scorpion,2018-06-29,25,album,5.03
2WP8G2pdddDmnh1xbfKBOI,Finesse,5,74,False,Drake,95,103067383,rap,1ATL5GLyefJaxhQzSPVrLX,Scorpion,2018-06-29,25,album,3.03
0TlLq3lA83rQOYtrqBqSct,Nonstop,2,76,True,Drake,95,103039388,rap,1ATL5GLyefJaxhQzSPVrLX,Scorpion,2018-06-29,25,album,3.97
11L064movtyopGdLiX4sVg,Peak,1,62,True,Drake,95,103039388,rap,1ATL5GLyefJaxhQzSPVrLX,Scorpion,2018-06-29,25,album,3.43
4c2xt1trwYZpMqPWY35Xi9,Jaded,3,72,True,Drake,95,103094105,rap,1ATL5GLyefJaxhQzSPVrLX,Scorpion,2018-06-29,25,album,4.37
50mAmwzJAE4ruhXSctRyo5,Paradise,1,21,False,Silverberg,40,8405,,3VV1HoS6ZW4WxHAEA1M6ed,Paradise,2018-06-14,1,single,3.36
7uzmGiiJyRfuViKKK3lVmR,Mine,14,71,True,Bazzi,66,5506705,,5EEkfRgfYHiFu0lGur6Z6M,COSMIC,2018-04-12,16,album,2.18
0WKmVAD4VWk5EdTyCFILi4,Needs,1,1,False,Verzache,52,265495,,1QP3qNaDwOJByK4D0WHOFE,Needs,2018-02-14,1,single,2.95
08bNPGLD8AhKpnnERrAc6G,FRIENDS,1,17,True,Marshmello,80,34476607,edm,1BmxOYHjQv1dKZRr13YRZM,FRIENDS,2018-02-09,1,single,3.37
3Wrjm47oTz2sjIgck11l5e,Beggin',4,84,False,Måneskin,76,10637574,,2qJw6w5XwQO0PQlSWPu7Tw,Chosen,2017-12-08,7,album,3.52
6osKPJp6kQwZcgUqBteJFN,Safari,1,61,False,Serena,49,176530,,5DQcPjyF2sqQbGVNnmkBnt,Safari,2017-11-28,1,single,3.12
20Z8AmvRE42UdC3t3p9Wwg,Chosen,1,34,False,Måneskin,76,10638829,,0r3HFd7eXKoLNNSaU3tWCq,Chosen,2017-11-24,1,single,2.68
6FWWWKLHXqLOfvXsWN9mrU,Lost,1,20,False,TOMMYANDMARY,8,1117,,1aTvKhofWin4mYVSTj38PI,Lost,2017-11-23,1,single,3.05
1X9lQq3uFCamS5axIV9yBg,Heavy,5,22,False,YONAKA,48,185071,,4ZJhPsudePeA2takLeA2Ob,HEAVY,2017-10-06,5,single,3.23
7vGuf3Y35N4wmASOKLUVVU,Silence,1,78,False,Marshmello,80,34479374,edm,2bw00gRKNKbTFOqCkohbSh,Silence,2017-08-11,1,single,3.01
6K8VQ84MqhsoakN5MjrnVR,Supercut,9,78,False,Lorde,80,10539134,,2B87zXm9bOWvAJdkJBTpzF,Melodrama,2017-06-16,11,album,4.62
6Kkt27YmFyIFrcX3QXFi2o,Liability,5,70,False,Lorde,80,10539134,,2B87zXm9bOWvAJdkJBTpzF,Melodrama,2017-06-16,11,album,2.86
5tz69p7tJuGPeMGwNTxYuV,1-800-273-8255,10,76,True,Logic,71,6141631,,1HiN2YXZcc3EjmVZ4WjfBk,Everybody,2017-05-05,13,album,4.16
7KOlJ92bu51cltsD9KU5I7,T-Shirt,2,1,True,Migos,74,14639621,trap,2AvupjUeMnSffKEV05x222,Culture,2017-04-07,13,album,4.04
6kbCH9kQoNzaEt1R1rizpR,FML,1,45,True,K.Flay,60,644923,,4u8WQJuGK4qZEHDb9y4l7Q,FML,2017-04-06,1,single,3.46
2p4p9YGwmJIdf5IA9sSWhm,STFU,3,53,True,mansionz,44,326356,,5WS1g0cKtjfK6eDoSLdv7d,Mansionz,2017-03-24,13,album,3.84
6uBhi9gBXWjanegOb2Phh0,Stay,1,76,False,Zedd,73,6111369,edm,1I4W7JKzYbl8VKRfD61DIS,Stay,2017-02-23,1,single,3.5
1QG3f3TYy9mci5ogEu2PyS,Nànnuflày,11,47,False,Tinariwen,47,452756,gnawa,67SgIr5XQiQg4xYI7zFM4Q,Elwan,2017-02-10,13,album,5.05
3ih1Op3mIIBPc45JMVfWCw,Guacamayo,2,53,False,Danit,55,274288,,05WSKyQ8c6mY8IpIVangkd,Aliento,2017-01-24,10,album,6.81
5v9iJSk2leCP8JCGpIzEkr,Heartbeat,7,51,False,Danit,55,274288,,05WSKyQ8c6mY8IpIVangkd,Aliento,2017-01-24,10,album,4.4
3OP8UeYimRl9HCNxMg7Ihl,Young,4,0,False,Vacations,68,1485869,,58Zq3iYZFzaW4sm5Z8iwyt,Vibes,2016-12-09,6,single,3.15
3pZcPE0ugJCI6zu5scIjp5,Madness,1,55,False,Ruelle,61,648181,,3o33GGQ8CEqEl1PV0pUduC,Madness,2016-12-09,7,album,3.51
5fKBwqSTuCbnJlCOpeRa3o,Sexual,1,61,False,NEIKED,59,190060,,4fpw9otqwjuKWM7OLu8DgP,Sexual,2016-06-30,5,single,3.14
1C7KSXR2GVxknex6I4ANco,9,2,80,True,Drake,95,103126025,rap,40GMAhriYJRO1rsY4YdrZb,Views,2016-05-06,20,album,4.26
7MjSipTto9QljYzZnloXOn,Views,19,62,True,Drake,95,103067383,rap,40GMAhriYJRO1rsY4YdrZb,Views,2016-05-06,20,album,5.19
3O8NlPh2LByMU9lSRSHedm,Controlla,11,72,True,Drake,95,103067383,rap,40GMAhriYJRO1rsY4YdrZb,Views,2016-05-06,20,album,4.08
2qLcJOLrh6Djda4uLbldSA,Faithful,9,57,True,Drake,95,103094105,rap,40GMAhriYJRO1rsY4YdrZb,Views,2016-05-06,20,album,4.83
4cRBqWBjuccCowYVHFlXK6,Redemption,7,68,True,Drake,95,103039388,rap,40GMAhriYJRO1rsY4YdrZb,Views,2016-05-06,20,album,5.56
5e574bhjycX1eH2l4Auage,Grammys,13,58,True,Drake,95,103039388,rap,40GMAhriYJRO1rsY4YdrZb,Views,2016-05-06,20,album,3.67
5NFYuqu8V6QXc6mzcLImd6,Hype,5,59,True,Drake,95,103094105,rap,40GMAhriYJRO1rsY4YdrZb,Views,2016-05-06,20,album,3.49
6g0Orsxv6glTJCt4cHsRsQ,Formation,12,69,True,Beyoncé,84,41172203,,7dK54iZuOxXFarGhXwEXfF,Lemonade,2016-04-23,13,album,3.43
2FNPJWVdGxYhWaotd6rULS,Sandcastles,8,56,True,Beyoncé,84,41176723,,7dK54iZuOxXFarGhXwEXfF,Lemonade,2016-04-23,13,album,3.04
0lnIJmgcUpEpe4AZACjayW,Sorry,4,64,True,Beyoncé,84,41172203,,7dK54iZuOxXFarGhXwEXfF,Lemonade,2016-04-23,13,album,3.87
0qy5D3OJre7SPJNMOL9I71,Broccoli,1,62,True,DRAM,57,885355,,4mchkmnzdTYIEAnw2FijA3,Broccoli,2016-04-06,1,single,3.75
275a9yzwGB6ncAW4SxY7q3,Panda,1,65,True,Desiigner,58,3553104,,1k3BLTc4VZ7beRBXL1SPN6,Panda,2016-02-26,1,single,4.13
0IKK48xF4eEdfofyaeKWWO,PILLOWTALK,1,63,True,ZAYN,77,24114464,,6BUAjgcgWhtTgRXVqCwF4u,PILLOWTALK,2016-01-29,1,single,3.39
5MeZ2oryBpcktBzNte6tEE,Heartburn,3,37,False,Wafia,55,173156,,24p8vyOJDS4sm701uyUmJ7,XXIX,2015-11-20,5,single,3.44
3tjfbu0G0PPy8UjhxfxVIe,Heartburn,1,0,False,Wafia,55,173156,,4RfO9aZPT2i4U2Wi1ERfOP,Heartburn,2015-10-23,1,single,3.44
3SErMoIKdRELto2OspGs5L,idfc,2,69,True,blackbear,71,5067710,,5cEJ9XTxsUKterwl1nAm2I,dead,2015-06-02,5,single,3.45
6y6jbcPG4Yn3Du4moXaenr,idfc,6,73,True,blackbear,71,5067759,,1TkwzY3l4LqAfrQwBAx45Q,deadroses,2015-02-14,10,album,4.08
00l0Fryxwwussp9CGjQXGI,Kyo,10,38,False,Yaima,52,146628,,5T8HSCMkzbA8hCpSXTBwlr,Pellucidity,2014-11-25,10,album,4.73
6sWMSG9A1MsdZj1OfEYo2A,Gajumaru,6,56,False,Yaima,52,146628,,5T8HSCMkzbA8hCpSXTBwlr,Pellucidity,2014-11-25,10,album,5.75
4ngypPwfcqpHBxQjJIOgvr,Hangover,1,44,False,PSY,62,1819643,k-pop,1LZ6fdYr5t1xfCKhrHgTLb,Hangover,2014-06-09,1,single,3.94
3tCwjWLicbjsMCvXhN0WOE,Rude,1,63,False,MAGIC!,66,1610608,,2Qm9AzJHWLG9vbJCeXRaAW,Rude,2013-10-11,1,single,3.74
6FE2iI43OZnszFLuLtvvmg,Classic,2,79,False,MKTO,62,1101988,,5IenxFp0vpnXBUxPcwJtbE,MKTO,2012-06-30,11,album,2.92
60wwxj6Dd9NJlirf84wr2c,Clarity,5,78,False,Zedd,73,6111556,edm,7juWTdmjo0vYywWu8HiQxs,Clarity,2012-01-01,10,album,4.52
1J4XVj9fWhfJNgFB1ppgWP,Freaks,12,0,False,P.A.B,7,49,,3LuapnpLMnood0tCUtBsbz,Superokey,2011-02-25,14,album,3.88
5SkjTqQiVbzZozJDJ29dth,Apply,1,33,False,Glasser,21,52027,,67jSVxuCF5y7rPizT4mLP7,Ring,2010-09-27,9,album,4.98
4E5P1XyAFtrjpiIxkydly4,Replay,1,79,False,Iyaz,65,1156272,,44hyrGuZKAvITbmrlhryf8,Replay,2009-08-18,11,album,3.03
5vlEg2fT4cFWAqU5QptIpQ,Replay,1,67,False,Iyaz,65,1156272,,698AdfGuOthKXXvvHla9bf,Replay,2009-08-11,1,single,3.03
1ah1aqLPlq0NG1g2KaFEky,Certamente,1,36,False,Madreblu,19,2841,,6nPeRGk2SO1anHm1GKeSx9,Necessita,2007-06-19,11,album,3.59
4wzt5Rrk3W98pHXAqutuJw,Talk,5,68,False,Coldplay,88,60818952,,4E7bV0pzG0LciBSWTszra6,X&Y,2005-06-07,13,album,5.18
3qaSqrrevBrb84xl5JlptU,Dakota,5,72,False,Stereophonics,65,1748684,britpop,1DwcGY8AK9RS0IgmozyvyP,Language.Sex.Violence.Other?,2005-01-01,11,album,4.95
694tcvGfrTw7YEfFHFZK9d,blue,1,0,True,LV,0,555,,1uWOEXWKLxJcJSCh3CJ2Qv,blue,2002-02-02,1,single,2.81
42qNWdLKCI41S4uzfamhFM,Duvet,1,84,False,bôa,68,1188508,,7sGYAV0xv7ZfAMzIpMl8m1,Twilight,2001-03-21,14,album,3.39
0R8P9KfGJCDULmlEoBagcO,Trouble,6,75,False,Coldplay,88,60830643,,6ZG5lRT77aJ3btmArcykra,Parachutes,2000-07-10,10,album,4.55
4qzoHxgp42ylb18ga1SWTL,Parachutes,7,57,False,Coldplay,88,60804949,,6ZG5lRT77aJ3btmArcykra,Parachutes,2000-07-10,10,album,0.77
0qksx8mV28lztYIZ1om8ml,Shiver,2,67,False,Coldplay,88,60804949,,6ZG5lRT77aJ3btmArcykra,Parachutes,2000-07-10,10,album,5.07
7D0RhFcb3CrfPuTJ0obrod,Sparks,4,90,False,Coldplay,88,60804949,,6ZG5lRT77aJ3btmArcykra,Parachutes,2000-07-10,10,album,3.78
2mLgOcRkEgq89j8WstUpui,Spies,3,60,False,Coldplay,88,60830643,,6ZG5lRT77aJ3btmArcykra,Parachutes,2000-07-10,10,album,5.31
3AJwUDP919kvQ9QcozQPxg,Yellow,5,90,False,Coldplay,88,60804949,,6ZG5lRT77aJ3btmArcykra,Parachutes,2000-07-10,10,album,4.44
4YsNfGnCcN4pmg1dJdgno8,blue,1,0,False,dreamy,10,2778,,1uDx6cL35xXqtUxokRRMwZ,blue,1999-12-31,1,single,2.81
7l6jLJRh48UK9lxK8imMwO,Chanel,1,0,True,syre,0,367,,0U7LIkH99KhZIcaFy9ljSQ,Chanel,1994-01-02,1,single,3.08
